page,node_id,x,y,text
Light,82:8150,0,1488,"B1 · No response"
Light,82:8158,493,1488,"B2 · Saved"
Light,82:8163,986,1488,"B2b · Sending"
Light,82:8168,1479,1488,"B2c · Failed"
Light,85:3429,0,4258,"D1 · Sending (""No"" tapped)"
Light,85:3434,493,4258,"D2 · Saved"
Light,85:3439,986,4258,"D3 · Why not? (optional)"
Light,85:3448,1972,4258,"D4 · Failed"
Light,154:21927,0,29125,"Home · No response (full scroll)"
Light,154:21928,493,29125,"Home · Saved (full scroll)"
Light,154:21929,986,29125,"Home · Sending (full scroll)"
Light,154:21930,1479,29125,"Home · Failed (full scroll)"
Light,154:21958,3451,31501,"Intent · Sending (full scroll)"
Light,154:21959,3944,31501,"Intent · Failed (full scroll)"
Dark,172:46508,0,1488,"B1 · No response"
Dark,172:46526,493,1488,"B2 · Saved"
Dark,172:46545,986,1488,"B2b · Sending"
Dark,172:46563,1479,1488,"B2c · Failed"
Dark,172:46916,0,4258,"D1 · Sending (""No"" tapped)"
Dark,172:46937,493,4258,"D2 · Saved"
Dark,172:46959,986,4258,"D3 · Why not? (optional)"
Dark,172:47028,1972,4258,"D4 · Failed"
Dark,172:75770,0,29125,"Home · No response (full scroll)"
Dark,172:75771,493,29125,"Home · Saved (full scroll)"
Dark,172:75772,986,29125,"Home · Sending (full scroll)"
Dark,172:75773,1479,29125,"Home · Failed (full scroll)"
Dark,172:75801,3451,31501,"Intent · Sending (full scroll)"
Dark,172:75802,3944,31501,"Intent · Failed (full scroll)"
